id,name,read,pattern,sequence,feature_type
CD3e,CD3E_proteona,R2,5PNNNNNNNNNN(BC),CTCATTGTAACTCCT,Antibody Capture
CD4,CD4_proteona,R2,5PNNNNNNNNNN(BC),TGTTCCCGCTCAACT,Antibody Capture
CD8a,CD8A_proteona,R2,5PNNNNNNNNNN(BC),GCTGCGCTTTCCATT,Antibody Capture
CD11b,CD11B_proteona,R2,5PNNNNNNNNNN(BC),GACAAGTGATCTGCA,Antibody Capture
CD11c,CD11C_proteona,R2,5PNNNNNNNNNN(BC),TACGCCTATAACTTG,Antibody Capture
CD14,CD14_proteona,R2,5PNNNNNNNNNN(BC),TCTCAGACCTCCGTA,Antibody Capture
CD15,CD15_proteona,R2,5PNNNNNNNNNN(BC),TCACCAGTACCTAGT,Antibody Capture
CD16,CD16_proteona,R2,5PNNNNNNNNNN(BC),AAGTTCACTCTTTGC,Antibody Capture
CD19,CD19_proteona,R2,5PNNNNNNNNNN(BC),CTGGGCAATTACTCG,Antibody Capture
CD25,CD25_proteona,R2,5PNNNNNNNNNN(BC),TTTGTCCTGTACGCC,Antibody Capture
CD28,CD28_proteona,R2,5PNNNNNNNNNN(BC),TGAGAACGACCCTAA,Antibody Capture
CD33,CD33_proteona,R2,5PNNNNNNNNNN(BC),TAACTCAGGGCCTAT,Antibody Capture
CD38,CD38_proteona,R2,5PNNNNNNNNNN(BC),CCTATTCCGATTCCG,Antibody Capture
CD39,CD39_proteona,R2,5PNNNNNNNNNN(BC),TTACCTGGTATCCGT,Antibody Capture
CD40,CD40_proteona,R2,5PNNNNNNNNNN(BC),CTCAGATGGAGTATG,Antibody Capture
CD45,CD45_proteona,R2,5PNNNNNNNNNN(BC),TGCAATTACCCGGAT,Antibody Capture
CD45RA,CD45RA_proteona,R2,5PNNNNNNNNNN(BC),TCAATCCTTCCGCTT,Antibody Capture
CD45RO,CD45RO_proteona,R2,5PNNNNNNNNNN(BC),CTCCGAATCATGTTG,Antibody Capture
CD56,CD56_proteona,R2,5PNNNNNNNNNN(BC),TCCTTTCCTGATAGG,Antibody Capture
CD57,CD57_proteona,R2,5PNNNNNNNNNN(BC),AACTCCCTATGGAGG,Antibody Capture
CD62L,CD62L_proteona,R2,5PNNNNNNNNNN(BC),GTCCCTGCAACTTGA,Antibody Capture
CD69,CD69_proteona,R2,5PNNNNNNNNNN(BC),GTCTCTTGGCTTAAA,Antibody Capture
CD80,CD80_proteona,R2,5PNNNNNNNNNN(BC),ACGAATCAATCTGTG,Antibody Capture
CD81,CD81_proteona,R2,5PNNNNNNNNNN(BC),GTATCCTTCCTTGGC,Antibody Capture
CD94,CD94_proteona,R2,5PNNNNNNNNNN(BC),CTTTCCGGTCCTACA,Antibody Capture
CD95,CD95_proteona,R2,5PNNNNNNNNNN(BC),CCAGCTCATTAGAGC,Antibody Capture
CD107a,CD107A_proteona,R2,5PNNNNNNNNNN(BC),CAGCCCACTGCAATA,Antibody Capture
CD117,CD117_proteona,R2,5PNNNNNNNNNN(BC),AGACTAATAGCTGAC,Antibody Capture
CD123,CD123_proteona,R2,5PNNNNNNNNNN(BC),CTTCACTCTGTCAGG,Antibody Capture
CD127,CD127_proteona,R2,5PNNNNNNNNNN(BC),GTGTGTTGTCCTATG,Antibody Capture
CD134,CD134_proteona,R2,5PNNNNNNNNNN(BC),AACCCACCGTTGTTA,Antibody Capture
CD137,CD137_proteona,R2,5PNNNNNNNNNN(BC),CAGTAAGTTCGGGAC,Antibody Capture
CD138,CD138_proteona,R2,5PNNNNNNNNNN(BC),ACTCTTTCGTTTACG,Antibody Capture
CD141,CD141_proteona,R2,5PNNNNNNNNNN(BC),GGATAACCGCGCTTT,Antibody Capture
CD152,CD152_proteona,R2,5PNNNNNNNNNN(BC),ATGGTTCACGTAATC,Antibody Capture
CD160,CD160_proteona,R2,5PNNNNNNNNNN(BC),GGCTAGAAATCAACG,Antibody Capture
CD161,CD161_proteona,R2,5PNNNNNNNNNN(BC),GTACGCAGTCCTTCT,Antibody Capture
CD183,CD183_proteona,R2,5PNNNNNNNNNN(BC),GCGATGGTAGATTAT,Antibody Capture
CD195,CD195_proteona,R2,5PNNNNNNNNNN(BC),CCAAAGTAAGAGCCA,Antibody Capture
CD197,CD197_proteona,R2,5PNNNNNNNNNN(BC),AGTTCAGTCAACCGA,Antibody Capture
CD200,CD200_proteona,R2,5PNNNNNNNNNN(BC),CACGTAGACCTTTGC,Antibody Capture
CD223,CD223_proteona,R2,5PNNNNNNNNNN(BC),CATTTGTCTGCCGGT,Antibody Capture
CD244,CD244_proteona,R2,5PNNNNNNNNNN(BC),TCGCTTGGATGGTAG,Antibody Capture
CD269,CD269_proteona,R2,5PNNNNNNNNNN(BC),CAGATGATCCACCAT,Antibody Capture
CD273,CD273_proteona,R2,5PNNNNNNNNNN(BC),TCAACGCTTGGCTAG,Antibody Capture
CD274,CD274_proteona,R2,5PNNNNNNNNNN(BC),GTTGTCCGACAATAC,Antibody Capture
CD278,CD278_proteona,R2,5PNNNNNNNNNN(BC),CGCGCACCCATTAAA,Antibody Capture
CD279,CD279_proteona,R2,5PNNNNNNNNNN(BC),ACAGCGCCGTATTTA,Antibody Capture
CD294,CD294_proteona,R2,5PNNNNNNNNNN(BC),TGTTTACGAGAGCCC,Antibody Capture
CD314,CD314_proteona,R2,5PNNNNNNNNNN(BC),CGTGTTTGTTCCTCA,Antibody Capture
CD319,CD319_proteona,R2,5PNNNNNNNNNN(BC),AGTATGCCATGTCTT,Antibody Capture
CD337,CD337_proteona,R2,5PNNNNNNNNNN(BC),AAAGTCACTCTGCCG,Antibody Capture
CD357,CD357_proteona,R2,5PNNNNNNNNNN(BC),ACCTTTCGACACTCG,Antibody Capture
CD366,CD366_proteona,R2,5PNNNNNNNNNN(BC),TGTCCTACCCAACTT,Antibody Capture
CD307,CD307_proteona,R2,5PNNNNNNNNNN(BC),TCACGCAGTCCTCAA,Antibody Capture
TCRAB,TCRAB_proteona,R2,5PNNNNNNNNNN(BC),CGTAACGTAGAGCGA,Antibody Capture
TCRV2,TCRV2_proteona,R2,5PNNNNNNNNNN(BC),TCAGTCAGATGGTAT,Antibody Capture
CCR10,CCR10_proteona,R2,5PNNNNNNNNNN(BC),ATCTGTATGTCACAG,Antibody Capture
HLA-DR,HLA-DR_proteona,R2,5PNNNNNNNNNN(BC),AATAGCGAGCAAGTA,Antibody Capture
KLRG1,KLRG1_proteona,R2,5PNNNNNNNNNN(BC),GTAGTAGGCTAGACC,Antibody Capture
TIGIT,TIGIT_proteona,R2,5PNNNNNNNNNN(BC),TTGCTTACCGCCAGA,Antibody Capture
FITC,FITC_proteona,R2,5PNNNNNNNNNN(BC),TTTGTGTTGTGGTAC,Antibody Capture
PE,PE_proteona,R2,5PNNNNNNNNNN(BC),TGACCAGTTCCGCAT,Antibody Capture
